Trial ID,Range/Row,Plot ID,Location Code,Count,Planting Area,Research Station,Trial Info,Entry Number,ABBRC1,ABBRC2,ABBRC3,Material ID,Admin Code,Responsible Store,CGenes,Material Lot,Plot Barcode,Delay in Planting,Material Store,MINT Container ID,Container ALT ID
16DRGJFG652P10A,/,2010,P10A,,,PHGS,GJ FG    652,10,NK8840BGT,,,16RC000787,MIXL:GO2000994,PHGS,Bt11;GA21B;TC1507,,GO208281018,,,1FB3169B-F22B-42CA-A784-9DC4A4119B1E,CNCHYNS945616
16DRGJFG652P10A,/,1010,P10A,,,PHGS,GJ FG    652,10,NK8840BGT,,,16RC000787,MIXL:GO2000994,PHGS,Bt11;GA21B;TC1507,,GO208281032,,,44AE76F4-B33F-4ABE-868E-47EE9CA17E7D,CNCHYNS945666
16DRGJFG652P10C,/,2010,P10C,,,PHGS,GJ FG    652,10,NK8840BGT,,,16RC000787,MIXL:GO2000994,PHGS,Bt11;GA21B;TC1507,,GO208280962,,,9602E44D-261C-4C00-8FD5-CB75E7D26430,CNCHYNS945546
16DRGJFG652P10C,/,1010,P10C,,,PHGS,GJ FG    652,10,NK8840BGT,,,16RC000787,MIXL:GO2000994,PHGS,Bt11;GA21B;TC1507,,GO208280976,,,55E9A89D-57FA-464D-A248-27D8BC8B60B1,CNCHYNS945589
16DRGJFG652P11D,/,2010,P11D,,,PHGS,GJ FG    652,10,NK8840BGT,,,16RC000787,MIXL:GO2000994,PHGS,Bt11;GA21B;TC1507,,GO208280990,,,D1B863A4-0582-4B21-904E-C0D4BDA56342,CNCHYNS945607
16DRGJFG652P11D,/,1010,P11D,,,PHGS,GJ FG    652,10,NK8840BGT,,,16RC000787,MIXL:GO2000994,PHGS,Bt11;GA21B;TC1507,,GO208281004,,,DC71CFFF-BECB-4B55-BBB6-214DAE13D6C5,CNCHYNS945588
16DRGJFG652P13B,/,1010,P13B,,,PHBB,GJ FG    652,10,NK8840BGT,,,16RC000787,MIXL:GO2000994,PHGS,Bt11;GA21B;TC1507,,GO208281060,,,64C0100B-1611-499B-A0A6-32067C0AB179,CNCHYNS945594
16DRGJFG652P13B,/,2010,P13B,,,PHBB,GJ FG    652,10,NK8840BGT,,,16RC000787,MIXL:GO2000994,PHGS,Bt11;GA21B;TC1507,,GO208281046,,,D7C16C7F-9051-4F99-B16C-90F2BAB65F51,CNCHYNS945612
16DRGJFG652P10A,/,1001,P10A,,,PHGS,GJ FG    652,1,SS6410BtGt -Lot 6,,,16RC000788,MIXL:GO2000995,PHGS,Bt11;GA21B,,GO208281041,,,00E73102-7BB9-4C64-89D1-37C3DF03E215,CNCHYNS945646
16DRGJFG652P10A,/,2001,P10A,,,PHGS,GJ FG    652,1,SS6410BtGt -Lot 6,,,16RC000788,MIXL:GO2000995,PHGS,Bt11;GA21B,,GO208281027,,,1D039472-08DD-4541-A31F-BF7203E2F56B,CNCHYNS945661
16DRGJFG652P10C,/,1001,P10C,,,PHGS,GJ FG    652,1,SS6410BtGt -Lot 6,,,16RC000788,MIXL:GO2000995,PHGS,Bt11;GA21B,,GO208280985,,,561A7E42-8A25-4F93-B11E-37262BCE08D7,CNCHYNS945559
16DRGJFG652P10C,/,2001,P10C,,,PHGS,GJ FG    652,1,SS6410BtGt -Lot 6,,,16RC000788,MIXL:GO2000995,PHGS,Bt11;GA21B,,GO208280971,,,0F759A75-26F1-4CF0-9A79-9563960C4C5E,CNCHYNS945563
16DRGJFG652P11D,/,1001,P11D,,,PHGS,GJ FG    652,1,SS6410BtGt -Lot 6,,,16RC000788,MIXL:GO2000995,PHGS,Bt11;GA21B,,GO208281013,,,B889EC4A-969F-403F-BECF-8B2347EDE6EF,CNCHYNS945611
16DRGJFG652P11D,/,2001,P11D,,,PHGS,GJ FG    652,1,SS6410BtGt -Lot 6,,,16RC000788,MIXL:GO2000995,PHGS,Bt11;GA21B,,GO208280999,,,C1957B08-509A-451F-9AF5-D200547C164B,CNCHYNS945553
16DRGJFG652P13B,/,2001,P13B,,,PHBB,GJ FG    652,1,SS6410BtGt -Lot 6,,,16RC000788,MIXL:GO2000995,PHGS,Bt11;GA21B,,GO208281055,,,02BBB67F-BC9B-4881-8DFD-3237D3CC31AE,CNCHYNS945573
16DRGJFG652P13B,/,1001,P13B,,,PHBB,GJ FG    652,1,SS6410BtGt -Lot 6,,,16RC000788,MIXL:GO2000995,PHGS,Bt11;GA21B,,GO208281069,,,DF831EFB-4C57-4973-A095-BBCE5E91EB78,CNCHYNS945656
16DRGJFG652P10A,/,1003,P10A,,,PHGS,GJ FG    652,3,SS6412BtGt,,,16RC000789,MIXL:GO2000996,PHGS,Bt11;GA21B,,GO208281039,,,A3B8B29A-8103-47C3-B116-4584A54F0F82,CNCHYNS945619
16DRGJFG652P10A,/,2003,P10A,,,PHGS,GJ FG    652,3,SS6412BtGt,,,16RC000789,MIXL:GO2000996,PHGS,Bt11;GA21B,,GO208281025,,,407837BC-4042-4642-BEB3-BF55B7F54CF7,CNCHYNS945659
16DRGJFG652P10C,/,1003,P10C,,,PHGS,GJ FG    652,3,SS6412BtGt,,,16RC000789,MIXL:GO2000996,PHGS,Bt11;GA21B,,GO208280983,,,D6FE53E3-C756-4826-A7D2-F1364413292C,CNCHYNS945584
16DRGJFG652P10C,/,2003,P10C,,,PHGS,GJ FG    652,3,SS6412BtGt,,,16RC000789,MIXL:GO2000996,PHGS,Bt11;GA21B,,GO208280969,,,FFE831A3-0BAB-457E-A0E9-5C4E4960E67F,CNCHYNS945586
16DRGJFG652P11D,/,2003,P11D,,,PHGS,GJ FG    652,3,SS6412BtGt,,,16RC000789,MIXL:GO2000996,PHGS,Bt11;GA21B,,GO208280997,,,583EED53-3B94-4A94-8ED9-B9E87858B4BD,CNCHYNS945601
16DRGJFG652P11D,/,1003,P11D,,,PHGS,GJ FG    652,3,SS6412BtGt,,,16RC000789,MIXL:GO2000996,PHGS,Bt11;GA21B,,GO208281011,,,73B6C675-C75C-4AA9-AAE2-16F425A759AF,CNCHYNS945622
16DRGJFG652P13B,/,1003,P13B,,,PHBB,GJ FG    652,3,SS6412BtGt,,,16RC000789,MIXL:GO2000996,PHGS,Bt11;GA21B,,GO208281067,,,2884C549-F694-417E-9F86-5770A6F0EC09,CNCHYNS945640
16DRGJFG652P13B,/,2003,P13B,,,PHBB,GJ FG    652,3,SS6412BtGt,,,16RC000789,MIXL:GO2000996,PHGS,Bt11;GA21B,,GO208281053,,,62DAB682-C6DB-4F66-9731-BF550943E875,CNCHYNS945627
16DRGJFG652P10A,/,2007,P10A,,,PHGS,GJ FG    652,7,SS6505BtGT,,,16RC000790,MIXL:GO2000997,PHGS,Bt11;GA21B,,GO208281021,,,0ACB4B1E-E87F-44B3-9636-CFE1D516E8B3,CNCHYNS945587
16DRGJFG652P10A,/,1007,P10A,,,PHGS,GJ FG    652,7,SS6505BtGT,,,16RC000790,MIXL:GO2000997,PHGS,Bt11;GA21B,,GO208281035,,,10B5F6A5-35C7-4FB0-83FB-06E85501D579,CNCHYNS945652
16DRGJFG652P10C,/,1007,P10C,,,PHGS,GJ FG    652,7,SS6505BtGT,,,16RC000790,MIXL:GO2000997,PHGS,Bt11;GA21B,,GO208280979,,,740EE841-147C-4785-8D9D-8A660AF5A575,CNCHYNS945664
16DRGJFG652P10C,/,2007,P10C,,,PHGS,GJ FG    652,7,SS6505BtGT,,,16RC000790,MIXL:GO2000997,PHGS,Bt11;GA21B,,GO208280965,,,F2FE7370-242C-447B-A448-9DB06CBB78FB,CNCHYNS945550
16DRGJFG652P11D,/,1007,P11D,,,PHGS,GJ FG    652,7,SS6505BtGT,,,16RC000790,MIXL:GO2000997,PHGS,Bt11;GA21B,,GO208281007,,,7FABDE4B-D09D-4050-AEEC-D25FD7531BFE,CNCHYNS945654
16DRGJFG652P11D,/,2007,P11D,,,PHGS,GJ FG    652,7,SS6505BtGT,,,16RC000790,MIXL:GO2000997,PHGS,Bt11;GA21B,,GO208280993,,,0397C6CE-0D65-4D5F-A31C-655804BAD807,CNCHYNS945649
16DRGJFG652P13B,/,1007,P13B,,,PHBB,GJ FG    652,7,SS6505BtGT,,,16RC000790,MIXL:GO2000997,PHGS,Bt11;GA21B,,GO208281063,,,0D0670D8-FBD2-42DB-818A-69C6C58F258B,CNCHYNS945613
16DRGJFG652P13B,/,2007,P13B,,,PHBB,GJ FG    652,7,SS6505BtGT,,,16RC000790,MIXL:GO2000997,PHGS,Bt11;GA21B,,GO208281049,,,0E8BB112-898D-4E56-9C3B-F3FECD26C22B,CNCHYNS945599
16DRGJFG652P10A,/,1008,P10A,,,PHGS,GJ FG    652,8,SS6525BtGT,,,16RC000791,MIXL:GO2000998,PHGS,Bt11;GA21B,,GO208281034,,,7055CCCA-4A2B-41F1-A00C-2D1B1BEB1DE5,CNCHYNS945565
16DRGJFG652P10A,/,2008,P10A,,,PHGS,GJ FG    652,8,SS6525BtGT,,,16RC000791,MIXL:GO2000998,PHGS,Bt11;GA21B,,GO208281020,,,5601D3AB-A1A6-445C-87E9-696EF1A790B8,CNCHYNS945606
16DRGJFG652P10C,/,2008,P10C,,,PHGS,GJ FG    652,8,SS6525BtGT,,,16RC000791,MIXL:GO2000998,PHGS,Bt11;GA21B,,GO208280964,,,A20B0C53-A665-4418-9292-8B212E3EC3D7,CNCHYNS945663
16DRGJFG652P10C,/,1008,P10C,,,PHGS,GJ FG    652,8,SS6525BtGT,,,16RC000791,MIXL:GO2000998,PHGS,Bt11;GA21B,,GO208280978,,,199C4E18-DC36-4B31-ACA8-0319E15312DB,CNCHYNS945617
16DRGJFG652P11D,/,1008,P11D,,,PHGS,GJ FG    652,8,SS6525BtGT,,,16RC000791,MIXL:GO2000998,PHGS,Bt11;GA21B,,GO208281006,,,7D33A643-E5FD-4EDC-91C1-1D0FB517CEBB,CNCHYNS945647
16DRGJFG652P11D,/,2008,P11D,,,PHGS,GJ FG    652,8,SS6525BtGT,,,16RC000791,MIXL:GO2000998,PHGS,Bt11;GA21B,,GO208280992,,,B0348661-A4E1-4918-A876-3BAB10FEB04F,CNCHYNS945564
16DRGJFG652P13B,/,2008,P13B,,,PHBB,GJ FG    652,8,SS6525BtGT,,,16RC000791,MIXL:GO2000998,PHGS,Bt11;GA21B,,GO208281048,,,77E2381F-8A9A-4ED6-AC6A-E4688B713551,CNCHYNS945615
16DRGJFG652P13B,/,1008,P13B,,,PHBB,GJ FG    652,8,SS6525BtGT,,,16RC000791,MIXL:GO2000998,PHGS,Bt11;GA21B,,GO208281062,,,73511E17-4B0A-4D20-A28A-FF8B30BE7C80,CNCHYNS945655
16DRGJFG652P10A,/,1006,P10A,,,PHGS,GJ FG    652,6,SS6575BGT,,,16RC000792,MIXL:GO2000999,PHGS,Bt11;GA21B;TC1507,,GO208281036,,,E5CAFFB0-009C-4539-A6AF-6FCF808024C9,CNCHYNS945574
16DRGJFG652P10A,/,2006,P10A,,,PHGS,GJ FG    652,6,SS6575BGT,,,16RC000792,MIXL:GO2000999,PHGS,Bt11;GA21B;TC1507,,GO208281022,,,295CB381-79C7-4BEF-9B05-6A4D841467E5,CNCHYNS945547
16DRGJFG652P10C,/,2006,P10C,,,PHGS,GJ FG    652,6,SS6575BGT,,,16RC000792,MIXL:GO2000999,PHGS,Bt11;GA21B;TC1507,,GO208280966,,,050905BD-633E-4F89-9B40-CDE6021854F0,CNCHYNS945578
16DRGJFG652P10C,/,1006,P10C,,,PHGS,GJ FG    652,6,SS6575BGT,,,16RC000792,MIXL:GO2000999,PHGS,Bt11;GA21B;TC1507,,GO208280980,,,D10D598F-6105-432E-97B3-596C62760343,CNCHYNS945551
16DRGJFG652P11D,/,1006,P11D,,,PHGS,GJ FG    652,6,SS6575BGT,,,16RC000792,MIXL:GO2000999,PHGS,Bt11;GA21B;TC1507,,GO208281008,,,997EDD4F-1D85-42EE-814B-FEF0D0A08A93,CNCHYNS945665
16DRGJFG652P11D,/,2006,P11D,,,PHGS,GJ FG    652,6,SS6575BGT,,,16RC000792,MIXL:GO2000999,PHGS,Bt11;GA21B;TC1507,,GO208280994,,,74428CDB-F6BD-47FA-97AB-08E261133897,CNCHYNS945668
16DRGJFG652P13B,/,2006,P13B,,,PHBB,GJ FG    652,6,SS6575BGT,,,16RC000792,MIXL:GO2000999,PHGS,Bt11;GA21B;TC1507,,GO208281050,,,87B154B4-FE5A-4D51-BF80-25C42C2F6A8F,CNCHYNS945590
16DRGJFG652P13B,/,1006,P13B,,,PHBB,GJ FG    652,6,SS6575BGT,,,16RC000792,MIXL:GO2000999,PHGS,Bt11;GA21B;TC1507,,GO208281064,,,A432F4AE-DE6F-4500-A256-CB9304B2735F,CNCHYNS945581
16DRGJFG652P10A,/,1009,P10A,,,PHGS,GJ FG    652,9,SSG306BtGT,,,16RC000793,MIXL:GO2001000,PHGS,Bt11;GA21B,,GO208281033,,,76B2FC71-528B-4877-B872-59053E6EE47D,CNCHYNS945645
16DRGJFG652P10A,/,2009,P10A,,,PHGS,GJ FG    652,9,SSG306BtGT,,,16RC000793,MIXL:GO2001000,PHGS,Bt11;GA21B,,GO208281019,,,6DD10DFF-090D-43EF-B351-A3F5FA58AD18,CNCHYNS945653
16DRGJFG652P10C,/,2009,P10C,,,PHGS,GJ FG    652,9,SSG306BtGT,,,16RC000793,MIXL:GO2001000,PHGS,Bt11;GA21B,,GO208280963,,,75CEBE65-1BFA-41C3-9BED-39C12A0B8FC8,CNCHYNS945557
16DRGJFG652P10C,/,1009,P10C,,,PHGS,GJ FG    652,9,SSG306BtGT,,,16RC000793,MIXL:GO2001000,PHGS,Bt11;GA21B,,GO208280977,,,5B8109C9-B098-4093-B273-4CB171FE557F,CNCHYNS945582
16DRGJFG652P11D,/,1009,P11D,,,PHGS,GJ FG    652,9,SSG306BtGT,,,16RC000793,MIXL:GO2001000,PHGS,Bt11;GA21B,,GO208281005,,,35A4D516-E473-482C-80E2-BB37EF6E00DE,CNCHYNS945660
16DRGJFG652P11D,/,2009,P11D,,,PHGS,GJ FG    652,9,SSG306BtGT,,,16RC000793,MIXL:GO2001000,PHGS,Bt11;GA21B,,GO208280991,,,9D16A64E-BA76-415D-A3FC-E4CBBCD0A245,CNCHYNS945555
16DRGJFG652P13B,/,1009,P13B,,,PHBB,GJ FG    652,9,SSG306BtGT,,,16RC000793,MIXL:GO2001000,PHGS,Bt11;GA21B,,GO208281061,,,B6C395B2-14A3-4315-9A9F-E2204016509F,CNCHYNS945630
16DRGJFG652P13B,/,2009,P13B,,,PHBB,GJ FG    652,9,SSG306BtGT,,,16RC000793,MIXL:GO2001000,PHGS,Bt11;GA21B,,GO208281047,,,ECC15EE1-F32B-45D6-882D-0AB35FF338AC,CNCHYNS945657
16DRGJFG652P10A,/,2004,P10A,,,PHGS,GJ FG    652,4,SS6414BtGT,,,16RC000794,MIXL:GO2001001,PHGS,Bt11;GA21B,,GO208281024,,,C104BA25-4B23-41D5-A21D-F1878C2C3CC1,CNCHYNS945566
16DRGJFG652P10A,/,1004,P10A,,,PHGS,GJ FG    652,4,SS6414BtGT,,,16RC000794,MIXL:GO2001001,PHGS,Bt11;GA21B,,GO208281038,,,5CCBAA8B-BFF9-4499-AB56-661B122110EA,CNCHYNS945624
16DRGJFG652P10C,/,1004,P10C,,,PHGS,GJ FG    652,4,SS6414BtGT,,,16RC000794,MIXL:GO2001001,PHGS,Bt11;GA21B,,GO208280982,,,EB91D8D5-02A3-4E05-A519-4B42B5C75D81,CNCHYNS945609
16DRGJFG652P10C,/,2004,P10C,,,PHGS,GJ FG    652,4,SS6414BtGT,,,16RC000794,MIXL:GO2001001,PHGS,Bt11;GA21B,,GO208280968,,,C218D557-661A-46D9-9A52-5DB78FDB84EE,CNCHYNS945571
16DRGJFG652P11D,/,1004,P11D,,,PHGS,GJ FG    652,4,SS6414BtGT,,,16RC000794,MIXL:GO2001001,PHGS,Bt11;GA21B,,GO208281010,,,8438AF96-07A2-45BB-A962-41CF917D96F3,CNCHYNS945596
16DRGJFG652P11D,/,2004,P11D,,,PHGS,GJ FG    652,4,SS6414BtGT,,,16RC000794,MIXL:GO2001001,PHGS,Bt11;GA21B,,GO208280996,,,5458E4DB-A3F9-4D7B-AC1D-AFEF03835401,CNCHYNS945620
16DRGJFG652P13B,/,2004,P13B,,,PHBB,GJ FG    652,4,SS6414BtGT,,,16RC000794,MIXL:GO2001001,PHGS,Bt11;GA21B,,GO208281052,,,B4579375-BE41-49D9-B5BE-7027E8247CE7,CNCHYNS945548
16DRGJFG652P13B,/,1004,P13B,,,PHBB,GJ FG    652,4,SS6414BtGT,,,16RC000794,MIXL:GO2001001,PHGS,Bt11;GA21B,,GO208281066,,,AA65B800-14ED-4994-B20B-87BB01432123,CNCHYNS945641
16DRGJFG652P10A,/,1005,P10A,,,PHGS,GJ FG    652,5,SS6414BGT,,,16RC001229,16WEWG1009.5B/16WEWG1010,PHGS,Bt11;GA21B;TC1507,,GO208281037,,,F55AF145-5174-453E-A8FE-145531EC4E40,CNCHYNS945595
16DRGJFG652P10A,/,2005,P10A,,,PHGS,GJ FG    652,5,SS6414BGT,,,16RC001229,16WEWG1009.5B/16WEWG1010,PHGS,Bt11;GA21B;TC1507,,GO208281023,,,0051A5D5-5AFF-463F-B5E4-45DAB795500E,CNCHYNS945604
16DRGJFG652P10C,/,2005,P10C,,,PHGS,GJ FG    652,5,SS6414BGT,,,16RC001229,16WEWG1009.5B/16WEWG1010,PHGS,Bt11;GA21B;TC1507,,GO208280967,,,147C6F8B-FEDB-46F4-9CEA-663B919AE338,CNCHYNS945580
16DRGJFG652P10C,/,1005,P10C,,,PHGS,GJ FG    652,5,SS6414BGT,,,16RC001229,16WEWG1009.5B/16WEWG1010,PHGS,Bt11;GA21B;TC1507,,GO208280981,,,AD81BB4E-85DF-4178-95D1-3E9A607AC68C,CNCHYNS945669
16DRGJFG652P11D,/,2005,P11D,,,PHGS,GJ FG    652,5,SS6414BGT,,,16RC001229,16WEWG1009.5B/16WEWG1010,PHGS,Bt11;GA21B;TC1507,,GO208280995,,,7AB23FCA-E99A-4455-BE41-D77A131B7D57,CNCHYNS945634
16DRGJFG652P11D,/,1005,P11D,,,PHGS,GJ FG    652,5,SS6414BGT,,,16RC001229,16WEWG1009.5B/16WEWG1010,PHGS,Bt11;GA21B;TC1507,,GO208281009,,,DCD1FAB4-29EC-405A-858B-251D8C2B6A22,CNCHYNS945602
16DRGJFG652P13B,/,1005,P13B,,,PHBB,GJ FG    652,5,SS6414BGT,,,16RC001229,16WEWG1009.5B/16WEWG1010,PHGS,Bt11;GA21B;TC1507,,GO208281065,,,A95F80D4-7D33-4B36-B28E-EC8D64528D47,CNCHYNS945605
16DRGJFG652P13B,/,2005,P13B,,,PHBB,GJ FG    652,5,SS6414BGT,,,16RC001229,16WEWG1009.5B/16WEWG1010,PHGS,Bt11;GA21B;TC1507,,GO208281051,,,5B220F42-DEB7-462D-A6C1-1191998479D3,CNCHYNS945597
16DRGJFG652P10A,/,1002,P10A,,,PHGS,GJ FG    652,2,NK6410BGT,,,16RC001260,16WEWG1015.6B/16WEWG1016,PHGS,Bt11;GA21B;TC1507,,GO208281040,,,AA43A1FD-6FB7-4C14-8D1B-6F00CC475077,CNCHYNS945639
16DRGJFG652P10A,/,2002,P10A,,,PHGS,GJ FG    652,2,NK6410BGT,,,16RC001260,16WEWG1015.6B/16WEWG1016,PHGS,Bt11;GA21B;TC1507,,GO208281026,,,E83D1349-78FA-469E-972F-BD6DDF36E7B8,CNCHYNS945648
16DRGJFG652P10C,/,2002,P10C,,,PHGS,GJ FG    652,2,NK6410BGT,,,16RC001260,16WEWG1015.6B/16WEWG1016,PHGS,Bt11;GA21B;TC1507,,GO208280970,,,AA5B9BB8-2367-49E7-AD8F-97FA2B1AED64,CNCHYNS945644
16DRGJFG652P10C,/,1002,P10C,,,PHGS,GJ FG    652,2,NK6410BGT,,,16RC001260,16WEWG1015.6B/16WEWG1016,PHGS,Bt11;GA21B;TC1507,,GO208280984,,,B9666FA2-1ACA-4BC4-B795-E216ECC47F8F,CNCHYNS945650
16DRGJFG652P11D,/,1002,P11D,,,PHGS,GJ FG    652,2,NK6410BGT,,,16RC001260,16WEWG1015.6B/16WEWG1016,PHGS,Bt11;GA21B;TC1507,,GO208281012,,,6A4590A9-0DA7-413A-AC2E-5E20BC7A6598,CNCHYNS945583
16DRGJFG652P11D,/,2002,P11D,,,PHGS,GJ FG    652,2,NK6410BGT,,,16RC001260,16WEWG1015.6B/16WEWG1016,PHGS,Bt11;GA21B;TC1507,,GO208280998,,,1E3455D5-6CA7-4550-96DC-6F0B95207657,CNCHYNS945625
16DRGJFG652P13B,/,2002,P13B,,,PHBB,GJ FG    652,2,NK6410BGT,,,16RC001260,16WEWG1015.6B/16WEWG1016,PHGS,Bt11;GA21B;TC1507,,GO208281054,,,D73B1919-8EF3-4AE6-A569-525F5B26612D,CNCHYNS945618
16DRGJFG652P13B,/,1002,P13B,,,PHBB,GJ FG    652,2,NK6410BGT,,,16RC001260,16WEWG1015.6B/16WEWG1016,PHGS,Bt11;GA21B;TC1507,,GO208281068,,,EA476872-0667-4226-A934-3DC76DCE6A7A,CNCHYNS945593
16DRGJFG652P10A,/,1012,P10A,,,PHGS,GJ FG    652,12,P3645 YR,,,16RC110005,Batch#000013745,PHGS,GA21;Mon810,,GO208281030,,,07525A03-66D6-4EF9-9246-B77D9FC06322,CNCHYNS945549
16DRGJFG652P10A,/,2012,P10A,,,PHGS,GJ FG    652,12,P3645 YR,,,16RC110005,Batch#000013745,PHGS,GA21;Mon810,,GO208281016,,,05A5B7B7-6BF2-4402-9F7C-88C647C5ABDC,CNCHYNS945636
16DRGJFG652P10C,/,1012,P10C,,,PHGS,GJ FG    652,12,P3645 YR,,,16RC110005,Batch#000013745,PHGS,GA21;Mon810,,GO208280974,,,0069E359-A12D-45F9-82B1-52C7834141BB,CNCHYNS945642
16DRGJFG652P10C,/,2012,P10C,,,PHGS,GJ FG    652,12,P3645 YR,,,16RC110005,Batch#000013745,PHGS,GA21;Mon810,,GO208280960,,,4490266D-B130-4315-9BEF-9E4C61553391,CNCHYNS945610
16DRGJFG652P11D,/,2012,P11D,,,PHGS,GJ FG    652,12,P3645 YR,,,16RC110005,Batch#000013745,PHGS,GA21;Mon810,,GO208280988,,,DED37C7B-8F42-4741-82F2-751AA4D97E14,CNCHYNS945631
16DRGJFG652P11D,/,1012,P11D,,,PHGS,GJ FG    652,12,P3645 YR,,,16RC110005,Batch#000013745,PHGS,GA21;Mon810,,GO208281002,,,76A44DBC-31B4-46C1-ACF3-ABB7D051CA17,CNCHYNS945600
16DRGJFG652P13B,/,2012,P13B,,,PHBB,GJ FG    652,12,P3645 YR,,,16RC110005,Batch#000013745,PHGS,GA21;Mon810,,GO208281044,,,1B6FC2D2-F905-4246-BC27-57CF843E74E4,CNCHYNS945614
16DRGJFG652P13B,/,1012,P13B,,,PHBB,GJ FG    652,12,P3645 YR,,,16RC110005,Batch#000013745,PHGS,GA21;Mon810,,GO208281058,,,CBED2AC8-A287-449E-A507-16A83BEB1CC8,CNCHYNS945662
16DRGJFG652P10A,/,2011,P10A,,,PHGS,GJ FG    652,11,P3774 YHR,,,16RC110006,Batch#000012316,PHGS,,,GO208281017,,,398BF4FA-6625-4ADB-9295-485423FAA6BF,CNCHYNS945643
16DRGJFG652P10A,/,1011,P10A,,,PHGS,GJ FG    652,11,P3774 YHR,,,16RC110006,Batch#000012316,PHGS,,,GO208281031,,,1F96C9C3-D7CA-4551-B107-B144154B092F,CNCHYNS945572
16DRGJFG652P10C,/,1011,P10C,,,PHGS,GJ FG    652,11,P3774 YHR,,,16RC110006,Batch#000012316,PHGS,,,GO208280975,,,4EA2E339-DA43-423A-AE09-926F8C424B79,CNCHYNS945629
16DRGJFG652P10C,/,2011,P10C,,,PHGS,GJ FG    652,11,P3774 YHR,,,16RC110006,Batch#000012316,PHGS,,,GO208280961,,,6EB351B3-4B4C-4E45-858D-389B503AA75A,CNCHYNS945570
16DRGJFG652P11D,/,1011,P11D,,,PHGS,GJ FG    652,11,P3774 YHR,,,16RC110006,Batch#000012316,PHGS,,,GO208281003,,,308FB09F-0BFB-4834-9B61-E63726618B8B,CNCHYNS945626
16DRGJFG652P11D,/,2011,P11D,,,PHGS,GJ FG    652,11,P3774 YHR,,,16RC110006,Batch#000012316,PHGS,,,GO208280989,,,94589805-88FE-4F78-99B3-9589CD017FCE,CNCHYNS945667
16DRGJFG652P13B,/,1011,P13B,,,PHBB,GJ FG    652,11,P3774 YHR,,,16RC110006,Batch#000012316,PHGS,,,GO208281059,,,FB335CE0-88D9-4F8E-93AD-3AB30D11E01D,CNCHYNS945632
16DRGJFG652P13B,/,2011,P13B,,,PHBB,GJ FG    652,11,P3774 YHR,,,16RC110006,Batch#000012316,PHGS,,,GO208281045,,,D24D5507-9757-4B3D-A8B9-FCEC27EE6E73,CNCHYNS945579
16DRGJFG652P10A,/,2014,P10A,,,PHGS,GJ FG    652,14,P4124 YR,,,16RC110007,Batch#000012676,PHGS,,,GO208281014,,,5C5F948E-034E-4C7A-84D6-11EB3C861115,CNCHYNS945569
16DRGJFG652P10A,/,1014,P10A,,,PHGS,GJ FG    652,14,P4124 YR,,,16RC110007,Batch#000012676,PHGS,,,GO208281028,,,F66C581D-8D79-4441-9FA3-06AFF866967E,CNCHYNS945591
16DRGJFG652P10C,/,2014,P10C,,,PHGS,GJ FG    652,14,P4124 YR,,,16RC110007,Batch#000012676,PHGS,,,GO208280958,,,B13744CB-97F4-4DFD-82E2-1BDA92AB5C59,CNCHYNS945567
16DRGJFG652P10C,/,1014,P10C,,,PHGS,GJ FG    652,14,P4124 YR,,,16RC110007,Batch#000012676,PHGS,,,GO208280972,,,2A03096C-2346-4F31-B556-0C08830A5B90,CNCHYNS945577
16DRGJFG652P11D,/,2014,P11D,,,PHGS,GJ FG    652,14,P4124 YR,,,16RC110007,Batch#000012676,PHGS,,,GO208280986,,,654DF6C4-0234-41A3-BB9F-611D5F03977B,CNCHYNS945552
16DRGJFG652P11D,/,1014,P11D,,,PHGS,GJ FG    652,14,P4124 YR,,,16RC110007,Batch#000012676,PHGS,,,GO208281000,,,6E53826F-6DA8-4F39-98A5-E1A4C9586000,CNCHYNS945556
16DRGJFG652P13B,/,1014,P13B,,,PHBB,GJ FG    652,14,P4124 YR,,,16RC110007,Batch#000012676,PHGS,,,GO208281056,,,1FB83536-EBC3-4A59-84A8-A83C94851EA6,CNCHYNS945576
16DRGJFG652P13B,/,2014,P13B,,,PHBB,GJ FG    652,14,P4124 YR,,,16RC110007,Batch#000012676,PHGS,,,GO208281042,,,6B8BD6A1-684B-447B-844D-3387525A0B0E,CNCHYNS945562
16DRGJFG652P10A,/,1013,P10A,,,PHGS,GJ FG    652,13,Bhealer 101,,,16RC110009,Batch#C8H01007GC-SH10,PHGS,,,GO208281029,,,A3B77CF2-7E5C-4577-9A0E-70B8E0D0B21A,CNCHYNS945558
16DRGJFG652P10A,/,2013,P10A,,,PHGS,GJ FG    652,13,Bhealer 101,,,16RC110009,Batch#C8H01007GC-SH10,PHGS,,,GO208281015,,,046C1BEB-7E33-4A33-B95D-5C1E19B9A341,CNCHYNS945560
16DRGJFG652P10C,/,2013,P10C,,,PHGS,GJ FG    652,13,Bhealer 101,,,16RC110009,Batch#C8H01007GC-SH10,PHGS,,,GO208280959,,,79995167-C246-4C7D-94BA-044068D92743,CNCHYNS945635
16DRGJFG652P10C,/,1013,P10C,,,PHGS,GJ FG    652,13,Bhealer 101,,,16RC110009,Batch#C8H01007GC-SH10,PHGS,,,GO208280973,,,C49EC7F1-F284-4EEA-A024-34F1E0F37CF3,CNCHYNS945637
16DRGJFG652P11D,/,2013,P11D,,,PHGS,GJ FG    652,13,Bhealer 101,,,16RC110009,Batch#C8H01007GC-SH10,PHGS,,,GO208280987,,,93F4DF05-0B9C-4FDA-AF69-3DA186EA0F32,CNCHYNS945592
16DRGJFG652P11D,/,1013,P11D,,,PHGS,GJ FG    652,13,Bhealer 101,,,16RC110009,Batch#C8H01007GC-SH10,PHGS,,,GO208281001,,,6258D01D-48C0-4D0C-99EF-15006CA9EF2E,CNCHYNS945623
16DRGJFG652P13B,/,1013,P13B,,,PHBB,GJ FG    652,13,Bhealer 101,,,16RC110009,Batch#C8H01007GC-SH10,PHGS,,,GO208281057,,,46BB8015-8444-4306-A6C9-BA76B671B9C4,CNCHYNS945651
16DRGJFG652P13B,/,2013,P13B,,,PHBB,GJ FG    652,13,Bhealer 101,,,16RC110009,Batch#C8H01007GC-SH10,PHGS,,,GO208281043,,,67F6704D-78A2-4C96-9B36-7A2C0CD52510,CNCHYNS945585
